attendance_percentage,internal_marks,assignment_submission_rate,semester,engagement_score,performance_index,multiple_risk_flags,risk_level
1.498200604731835,0.8747291728790806,0.6356287684611779,-0.6486578965618313,1.5655158699127258,-0.6022971441506793,-0.7011877275785814,1
-0.951967085153054,0.10084328425596653,0.2826876979429897,0.24113345674657913,-0.5381058285797573,0.5660181595934143,1.0090262421252758,1
-0.2536101107414187,1.1054066973725083,0.7939997616424159,0.6860291334007843,0.33464137108093,0.6924304077206219,-0.7011877275785814,1
0.7998436303202001,0.6440516483856519,1.3641353370948726,0.24113345674657913,1.5173643002762742,-0.7659677390943284,-0.7011877275785814,1
0.6341318058835411,0.7259049635284818,0.3415112096960215,-1.0935535732160364,0.7108255088657087,0.02044950978125203,-0.7011877275785814,1
-0.4429950529547436,1.1054066973725083,-1.0385788737404817,1.5758204867091947,-1.0286499442511083,1.898004058281156,1.0090262421252758,1
-1.0525778357038829,-1.2088097580293022,-0.7308866584169332,1.1309248100549896,-1.2889693675981748,0.059038511841136544,1.0090262421252758,2
0.30270815701022225,1.1054066973725083,1.3641353370948726,-0.20376221990762605,1.1381706893892167,-0.01813949227863249,-0.7011877275785814,1
-0.4785047296197425,-1.6924884384187489,-0.3100723051067866,1.5758204867091947,-0.5712100327048176,-1.00814699340119,-0.7011877275785814,1
0.08373181757606535,1.1054066973725083,0.3098370110597738,0.24113345674657913,0.26993769938194806,0.7496485831887267,-0.7011877275785814,1
0.42107374589355023,0.8003170682037812,-0.46391841276856066,0.6860291334007843,0.012627749137159318,0.704406304911621,-0.7011877275785814,2
-0.010960653530596698,-0.42004144847112923,-0.9888051330263782,-0.6486578965618313,-0.6660084354265817,0.21339452008067508,1.0090262421252758,1
-0.8809477318230574,0.19757902033385552,0.17861533099531915,-0.6486578965618313,-0.5531531940911486,0.6658173028517366,1.0090262421252758,2
0.740660835878536,-0.05542213556216177,0.2193393006704949,1.5758204867091947,0.7108255088657087,-0.6781444930270042,-0.7011877275785814,1
1.036574808086856,0.07851965285337692,-0.6539636045860464,0.6860291334007843,0.3557076827968777,-0.24435088366416347,-0.7011877275785814,1
-0.5436058035055725,0.49522743903505306,-0.011429860822166613,1.1309248100549896,-0.42224111414204496,0.8161813453609416,-0.7011877275785814,1
0.6045404086627091,-0.19680513444523104,0.3007872400208458,-1.0935535732160364,0.6611692026781182,-0.7606451181205512,-0.7011877275785814,1
-0.981558482373886,-1.342751546444842,-1.708261930621145,-1.0935535732160364,-1.8848450418492644,0.466219016335091,2.719240211829133,2
1.498200604731835,-0.6358365520294978,-0.5725156652356952,-1.5384492498702416,0.7619865516044381,-1.2423423162473866,-0.7011877275785814,1
-0.8868660112672235,-2.7268166934054103,-2.0340536880225493,-1.0935535732160364,-2.0292997507586197,-0.6435474566974527,4.429454181532989,2
0.995146851977691,1.1054066973725083,0.9252214417068698,1.5758204867091947,1.3744143279180578,-0.22705236549938726,-0.7011877275785814,1
0.32638127478688816,-0.8739552869904551,0.8890223575511584,1.5758204867091947,0.8402328522636725,-1.5244412278575772,-0.7011877275785814,1
-1.111760630145547,1.1054066973725083,0.4863075463188672,-1.5384492498702416,-0.5245631996195047,1.452234551727316,1.0090262421252758,1
-0.5376875240614065,-0.03309850415957217,0.40033472144905263,-0.6486578965618313,-0.1438648521813085,0.09762751390102106,-0.7011877275785814,1
1.498200604731835,1.0161121717621489,0.45010846216315575,-0.6486578965618313,1.4421274727193185,-0.36677116606103904,-0.7011877275785814,1
1.066166205307688,0.2645499145416254,-0.07930314361412577,-1.0935535732160364,0.7604818150532993,-0.43596523872014203,-0.7011877275785814,2
0.2080156859035602,1.1054066973725083,-1.1562258972465442,-1.0935535732160364,-0.6103331830344343,1.528081900603641,1.0090262421252758,1
-0.13524452185809074,-2.1017550141328956,-1.0747779578961931,-0.6486578965618313,-0.8179868270916315,-1.1558497254235078,1.0090262421252758,2
0.870862983650197,-0.5837480787567881,-1.2693480352331428,-0.20376221990762605,-0.17997852940864756,-0.36277920033070604,1.0090262421252758,1
0.5867855703302092,1.1054066973725083,0.3822351793711966,-1.0935535732160364,0.7017970895588737,0.36775052832021365,-0.7011877275785814,1
-0.9164574084880555,1.1054066973725083,0.5406061725524346,-0.20376221990762605,-0.339480603829393,1.2885639567836669,1.0090262421252758,1
-0.7211541868305645,0.056196021450787316,1.3641353370948726,-0.6486578965618313,0.3572124193480165,-0.26564136755927176,-0.7011877275785814,1
0.8353533069851982,0.5101098599701132,-0.44581887069070497,1.5758204867091947,0.3406603172854863,0.15484568936912582,-0.7011877275785814,1
0.11332321479689733,-0.7474547090424469,-1.640388647829186,0.24113345674657913,-1.0045741594328832,0.22004779629789667,1.0090262421252758,1
1.4330995308460048,-0.553983236886668,-1.7173117016600732,-1.5384492498702416,-0.04906644945954388,-0.4519331016414742,1.0090262421252758,1
-0.5909520390589036,1.1054066973725083,1.3641353370948726,1.1309248100549896,0.4565250317231975,0.5846473330016345,-0.7011877275785814,1
-0.7389090251630636,-1.0748679696137637,-0.5951400928330149,1.1309248100549896,-0.959432062898709,-0.11261601456317773,-0.7011877275785814,1
1.113512440861019,-0.5986304996918481,1.3641353370948726,-1.0935535732160364,1.756617411907393,-2.0886390510779598,-0.7011877275785814,1
-0.028715491863095726,0.3687268610870439,0.7759002195645599,-1.0935535732160364,0.4941434455016765,-0.1072933935894016,-0.7011877275785814,1
-0.5140144062847406,-1.0599855486787035,0.7125518222920644,1.5758204867091947,0.08184563048955873,-1.0201228905921886,-0.7011877275785814,1
-0.5080961268405745,1.1054066973725083,1.3641353370948726,1.5758204867091947,0.5197239668710406,0.5287598127769737,-0.7011877275785814,1
-0.833601496269726,0.04875481098325674,-0.23314925127589947,1.1309248100549896,-0.790901569171128,0.7429953069715051,-0.7011877275785814,2
1.486364045843502,1.0086709612946192,0.02929410885300914,1.1309248100549896,1.1532180549006081,-0.11793863553695481,-0.7011877275785814,1
0.27311675978939026,-0.07030455649722187,-1.400569715297597,-0.20376221990762605,-0.723188424369868,0.5766634015409684,1.0090262421252758,1
1.498200604731835,-0.24889360771794083,0.7216015933309924,1.1309248100549896,1.6226958588560116,-1.657506752202007,-0.7011877275785814,1
-0.08789828630475971,-0.24889360771794083,1.3641353370948726,-1.0935535732160364,0.8402328522636725,-0.9655660256109729,-0.7011877275785814,2
-0.5140144062847406,-2.77146395621059,-2.7354109435394607,0.24113345674657913,-2.2113728734464524,-0.5224578295440216,2.719240211829133,0
-2.940508978392964,-2.1166374350679553,1.3641353370948726,-1.5384492498702416,-1.3356162006834877,-0.7114108741131117,1.0090262421252758,1
0.4033189075610512,1.0905242764374483,-0.24219902231482748,0.24113345674657913,0.14654930218854062,0.845455760716716,-0.7011877275785814,1
-1.6976702951180203,-0.8739552869904551,-2.4820173544494795,-0.6486578965618313,-2.945684310402341,1.8234873646482759,2.719240211829133,2
-0.38973053795724655,-1.7594593326265182,-0.4141446720544572,-0.6486578965618313,-0.5727147692559575,-1.0666958241127382,-0.7011877275785814,1
-1.8219541634455148,0.9193764356842599,-0.4774930693269527,0.24113345674657913,-1.7072861288148489,2.331797667643997,1.0090262421252758,2
0.7820887919877011,-0.24145239725041026,1.3641353370948726,0.6860291334007843,1.5038216713160226,-1.5457317117526865,-0.7011877275785814,1
-0.005042374086430636,1.1054066973725083,0.13789136132014404,0.6860291334007843,0.08786457669411506,0.9106578676454868,-0.7011877275785814,1
-2.9049993017279654,-0.6581601834320875,-0.8937825371176353,-0.6486578965618313,-2.81025802079982,1.896673403037711,1.0090262421252758,2
1.16085867641435,0.35384444015198485,1.3641353370948726,-1.5384492498702416,1.792731089134732,-1.268955421116272,-0.7011877275785814,1
1.403508133625173,1.0905242764374483,0.29626235450138205,-0.6486578965618313,1.2675780327871806,-0.14588239564928518,-0.7011877275785814,1
0.10740493535273127,1.1054066973725083,-0.9661807054290584,1.5758204867091947,-0.5606768768468438,1.4841702775699794,1.0090262421252758,1
-0.9993133207063855,0.6961401216583617,-0.4277193286128492,-1.0935535732160364,-1.0467067828647774,1.5480417292553055,1.0090262421252758,1
1.1490221175260171,-0.047980925094632254,0.3324614386570935,1.1309248100549896,1.0975428025084613,-1.0134696143749675,-0.7011877275785814,1
0.17842428868272822,0.8970528042816702,-0.1652759684839403,-0.6486578965618313,0.026170378097410796,0.7789229985445021,-0.7011877275785814,1
-1.1709434245872108,-0.6730426043671476,-0.8621083384813879,-0.20376221990762605,-1.4665282806325908,0.6950917182075105,1.0090262421252758,2
1.131267279193518,0.4356977552948138,-0.5770405507551593,-1.5384492498702416,0.47909607999028514,-0.03410735519996466,-0.7011877275785814,1
1.498200604731835,0.2571087040740948,0.7306513643699204,1.1309248100549896,1.6287148050605689,-1.210406590404724,-0.7011877275785814,1
0.32638127478688816,-1.9529308047822969,-0.07930314361412577,0.6860291334007843,0.19620560837613116,-1.919645835160534,-0.7011877275785814,1
-1.33665524902387,-0.40515902753606914,0.12884159028121603,-0.6486578965618313,-0.9338515415293438,0.4635577058482029,1.0090262421252758,1
0.08373181757606535,-1.3576339673799012,1.2464883135888103,-1.0935535732160364,0.8928986315535418,-2.0034771154975246,-0.7011877275785814,2
-2.1592960917629993,-1.893401121042057,-1.4412936849727727,0.6860291334007843,-2.6056138498449,0.6112604378705199,2.719240211829133,2
1.4330995308460048,0.5473159123077629,-0.17432573952286834,-0.20376221990762605,0.9771638784173325,-0.37475509752170516,-0.7011877275785814,1
-0.18259075741142258,0.6366104379181223,-0.504642382443736,0.24113345674657913,-0.47490689343191417,0.9891665270087008,-0.7011877275785814,1
1.498200604731835,-0.15215787164005182,-0.06120360153626973,-0.20376221990762605,1.1020570121618787,-1.1106074471464018,-0.7011877275785814,1
1.498200604731835,0.8300819100739003,1.3641353370948726,0.24113345674657913,2.0500410393795208,-1.0706877898430722,-0.7011877275785814,1
-0.6027885979472366,-0.5316596054840783,1.1921896873552429,-1.0935535732160364,0.33313663452979114,-0.7699597048246614,-0.7011877275785814,1
0.9833102930893581,0.8300819100739003,1.3641353370948726,1.1309248100549896,1.6573047995322119,-0.7233867713041108,-0.7011877275785814,1
1.196368353079349,-1.3204279150422513,-0.8485336819229958,-1.0935535732160364,0.34818400004118255,-1.4885135362845818,-0.7011877275785814,2
0.2849533186777232,-1.037661917276114,1.060968007290788,-1.0935535732160364,0.9229933625763234,-1.7439993430258862,-0.7011877275785814,1
-0.786255260716395,0.2124614412689156,0.269113041384598,1.1309248100549896,-0.42073637759090615,0.5620261938630812,-0.7011877275785814,1
0.4329103047818832,1.1054066973725083,0.5587057146302907,-0.20376221990762605,0.7017970895588737,0.36775052832021365,-0.7011877275785814,1
-0.005042374086430636,0.8747291728790806,-0.3372216182235704,1.5758204867091947,-0.22813009904509926,0.9838439060349238,-0.7011877275785814,1
-0.6205434362797356,-0.21168755538029113,-0.8756829950397796,-1.0935535732160364,-1.055735202171612,0.7443259622149492,-0.7011877275785814,1
1.498200604731835,0.011548758645607045,-0.06572848705573342,-1.0935535732160364,1.0990475390596,-0.9615740598806399,-0.7011877275785814,1
0.2198522447918932,-0.5018947636139581,1.3641353370948726,1.5758204867091947,1.0749717542413737,-1.3993596349738127,-0.7011877275785814,1
-0.022797212418929663,-2.391962222366563,1.3641353370948726,1.5758204867091947,0.889889158451263,-2.9256211992044228,-0.7011877275785814,2
1.498200604731835,-0.4646887112763084,-0.020479631861093986,-0.20376221990762605,1.1291422700823828,-1.413996842651701,-0.7011877275785814,1
1.498200604731835,-1.7520181221589881,-0.1290768843282289,1.1309248100549896,1.0569149156277047,-2.5011421765456916,-0.7011877275785814,1
0.6814780414368721,1.1054066973725083,1.2283887715109543,-0.20376221990762605,1.336795914139581,-0.19378598441328077,-0.7011877275785814,1
-1.2715541751380395,0.85240554147649,-0.35079627478196207,-0.20376221990762605,-1.2031993841832451,1.826148675135163,1.0090262421252758,1
-0.13524452185809074,-0.18192271351017095,0.0926425061255046,-0.6486578965618313,-0.04154276670384766,-0.12592256699762183,-0.7011877275785814,1
1.350243618627675,0.09340207378843701,1.0790675493686441,-1.5384492498702416,1.747588992600559,-1.4619004314156954,-0.7011877275785814,1
0.752497394766869,0.8449643310089604,1.3641353370948726,-0.6486578965618313,1.481250623048935,-0.5543935553866846,-0.7011877275785814,1
-0.05830688908392772,0.5547571227752924,0.37771029385173294,-0.20376221990762605,0.206738764234105,0.31319366333899695,-0.7011877275785814,1
-0.6915627896097325,-1.8264302268342876,0.3686605228128049,-1.5384492498702416,-0.2823006148861073,-1.383391772052482,-0.7011877275785814,2
1.1490221175260171,1.1054066973725083,0.5858550277470741,1.1309248100549896,1.2660732962360406,-0.13124518797139703,-0.7011877275785814,1
0.35005439256355325,-0.23401118678288074,-0.6992124597806859,1.1309248100549896,-0.1980353680223176,-0.03410735519996372,-0.7011877275785814,1
-1.8693003989988457,-0.8293080241852758,-0.6720631466639021,1.1309248100549896,-1.8728071494401517,0.9146498333758198,1.0090262421252758,2
0.1251597736852303,-0.6879250253022066,1.3641353370948726,1.1309248100549896,1.0027443997866967,-1.501820088719024,-0.7011877275785814,1
-0.7211541868305645,-0.9334849707306955,0.2283890717094229,0.24113345674657913,-0.39816532932381854,-0.48253817224069356,-0.7011877275785814,1
0.7584156742110351,0.5994043855804726,0.7170767078115287,0.24113345674657913,1.0554101790765658,-0.3973762366602575,-0.7011877275785814,1
0.8471898658735311,1.1054066973725083,0.45010846216315575,0.24113345674657913,0.9455644108434099,0.15218437888223776,-0.7011877275785814,1
-0.005042374086430636,0.5473159123077629,0.6311038829417135,-1.0935535732160364,0.41589714484244206,0.12157930828301838,-0.7011877275785814,1
0.9122909397593612,1.1054066973725083,0.43653380560476407,0.24113345674657913,0.9861922977241665,0.11625668730924131,-0.7011877275785814,1
0.8945361014268621,0.3687268610870439,0.20123975859263887,-1.5384492498702416,0.8161570674454461,-0.3920536156864804,-0.7011877275785814,1
-1.6444057801205227,-1.4692521243928502,1.3641353370948726,-1.5384492498702416,-0.3470042865850892,-1.0068163381577455,1.0090262421252758,1
1.036574808086856,0.4059329134246936,-0.17432573952286834,0.6860291334007843,0.6747118316383697,-0.2337056417166093,-0.7011877275785814,1
-0.4962595679522415,0.041313600515727224,-0.3417465037430344,-1.5384492498702416,-0.6058189733810179,0.5726714358106363,-0.7011877275785814,1
-0.7507455840513965,-0.6060717101593777,-1.3779452877002774,0.6860291334007843,-1.4890993288996779,0.774931032814169,1.0090262421252758,1
1.498200604731835,-0.23401118678288074,-2.201474452242715,0.6860291334007843,-0.321423765215724,0.07500637476246778,1.0090262421252758,1
1.302897383074344,0.7333461739960113,0.545131058071899,0.24113345674657913,1.3563574893043888,-0.5437483134391304,-0.7011877275785814,1
1.498200604731835,0.5547571227752924,0.517981744955115,0.24113345674657913,1.4872695692534925,-0.819193948832101,-0.7011877275785814,1
-0.30095634629475054,1.1054066973725083,-1.246723607635823,-1.0935535732160364,-1.0587446752738912,1.9246171631500424,1.0090262421252758,1
-0.04055205075142869,-0.9260437602631648,0.7713753340450962,-1.5384492498702416,0.48210555309256276,-1.2543182134383848,-0.7011877275785814,1
-0.04647033019559475,0.7631110158661315,0.32793655313762915,1.5758204867091947,0.18266297941587967,0.5207758813163077,-0.7011877275785814,1
-0.24177355185308658,1.1054066973725083,0.40938449248798064,-1.5384492498702416,0.08786457669411399,0.9106578676454877,-0.7011877275785814,1
0.3855640692285522,-1.900842331509587,-1.9299813210748784,1.5758204867091947,-0.9895267939214912,-0.8245165698058772,1.0090262421252758,2
0.39740062811688515,-1.4022812301850813,1.3641353370948726,1.5758204867091947,1.2103980438438948,-2.324165029167601,-0.7011877275785814,1
-2.1178681356538345,-0.9930146544709347,-1.7851849844520324,0.24113345674657913,-2.8027343380441248,1.5906226970455228,2.719240211829133,2
-0.33646602295974865,0.24966749360656532,1.3641353370948726,0.24113345674657913,0.6506360468201443,-0.35213395838315187,-0.7011877275785814,1
0.2849533186777232,-1.1418388638215335,1.3641353370948726,-1.5384492498702416,1.1246280604289642,-2.0154530126885226,-0.7011877275785814,1
1.166776955858517,-0.02565729369204265,0.49083243183833153,1.1309248100549896,1.2164169900484512,-1.0986315499554027,-0.7011877275785814,1
0.888617821982696,0.3984917029571641,-0.3100723051067866,-0.20376221990762605,0.47157239723459,-0.06072046006885099,-0.7011877275785814,1
1.231878029744347,1.1054066973725083,1.3641353370948726,-1.5384492498702416,1.84690160497574,-0.6448781119408967,-0.7011877275785814,1
-0.06422516852809462,-0.07030455649722187,-1.8711578093218473,-1.0935535732160364,-1.293483577251593,1.0809817388063576,1.0090262421252758,1
-1.4017563229097003,-1.0897503905488237,-0.37342070237928177,-0.20376221990762605,-1.3175593620698187,0.19077338094212226,1.0090262421252758,1
0.24352536256855828,-1.3129867045747219,0.06096830748925687,0.6860291334007843,0.2263003393989128,-1.3740771853483713,-0.7011877275785814,1
-2.443373505082987,-0.14471666117252124,1.3641353370948726,0.6860291334007843,-0.9564225897964308,0.7163822021026197,1.0090262421252758,1
1.45677264862267,1.1054066973725083,1.3641353370948726,1.1309248100549896,2.018441571805599,-0.7965728096935468,-0.7011877275785814,1
-0.10565312463725873,-1.53622301860062,0.5134568594356512,0.24113345674657913,0.26090928007511305,-1.6042805424642352,-0.7011877275785814,1
-0.17075419852308962,-1.260898231302012,-0.4774930693269527,-1.5384492498702416,-0.4478216355114102,-0.7313707027647759,-0.7011877275785814,1
-1.395838043465534,1.0235533822296794,1.0473933507323965,1.1309248100549896,-0.3680705983010369,1.2406603680196733,1.0090262421252758,1
-0.2832015079622507,1.1054066973725083,-1.405094600817061,-0.20376221990762605,-1.150533604893376,2.0057871330001436,1.0090262421252758,1
0.2671984803452242,-2.019901698990066,-2.210524223281643,-1.5384492498702416,-1.2663983193310884,-0.6861284244876703,1.0090262421252758,2
0.46841998144688124,1.1054066973725083,0.4953573173577952,0.24113345674657913,0.6867497240474822,0.3810570807546568,-0.7011877275785814,1
1.143103838081851,-0.6953662357697372,-0.6449138335471184,1.1309248100549896,0.4429824027629461,-1.0134696143749675,-0.7011877275785814,1
0.4980113786677132,-0.7400134985749164,-0.020479631861093986,-0.20376221990762605,0.3662408386548515,-0.9855258542626373,-0.7011877275785814,1
0.4506651431143822,0.46546259716493393,1.3641353370948726,-0.6486578965618313,1.2510259307246503,-0.6901203902180024,-0.7011877275785814,1
1.498200604731835,0.9789061194244991,1.002144495537757,0.6860291334007843,1.809283191197263,-0.7247174265475558,-0.7011877275785814,1
-0.26544666962975166,-0.9855734440034042,-1.020479331662626,-0.20376221990762605,-0.8811857622394756,-0.10197077261562264,1.0090262421252758,2
-1.7746079278921834,1.1054066973725083,1.3641353370948726,-0.6486578965618313,-0.4463168989602713,1.3830404790682131,1.0090262421252758,1
1.498200604731835,0.5696395437103525,-1.2919724628304625,0.6860291334007843,0.28348032834219955,0.2586367983577812,1.0090262421252758,1
-0.9756402029297195,-0.018216083224512077,-0.3417465037430344,-1.5384492498702416,-0.9714699553078217,0.8427944502298279,1.0090262421252758,2
-1.5970595445671913,-1.900842331509587,-0.24672390783429116,0.24113345674657913,-1.3822630337687996,-0.477215551266916,1.0090262421252758,1
0.5098479375560462,-0.12983424023746115,1.3641353370948726,-1.0935535732160364,1.2961680272588234,-1.26230214489905,-0.7011877275785814,1
-0.963803644041387,-1.4320460720552004,0.1062171626838963,-0.20376221990762605,-0.6645036988754424,-0.6927817007048914,1.0090262421252758,1
-0.10565312463725873,0.07107844238584635,-0.18337551056179635,1.5758204867091947,-0.20254957767573406,0.24266893543644902,-0.7011877275785814,1
0.36780923089605316,0.33896201921692476,0.3007872400208458,0.24113345674657913,0.48060081654142395,-0.12193060126728786,-0.7011877275785814,1
0.930045778091861,0.6886989111908322,-3.160750182369071,0.6860291334007843,-1.392796189626774,1.8474391590302728,1.0090262421252758,1
-1.2360444984730414,-1.2236921789643624,0.5406061725524346,0.6860291334007843,-0.5832479251139303,-0.5783453497686819,1.0090262421252758,2
0.6341318058835411,0.2719911250091549,-0.8123345977672844,-1.0935535732160364,-0.05659013221524009,0.29323383468733266,-0.7011877275785814,1
-0.27136494907391856,1.1054066973725083,-0.9480811633512027,0.24113345674657913,-0.8375484022564409,1.7290108423637303,1.0090262421252758,1
-2.0882767384330028,0.48034501809999297,1.3641353370948726,0.6860291334007843,-0.6855700105913901,1.0357394605292505,1.0090262421252758,1
0.2967898775660562,-1.1567212847565935,0.8799725865122304,1.1309248100549896,0.8116428577920286,-1.7519832744865522,-0.7011877275785814,1
-0.2121821546322546,1.0979654869049789,1.2872122832639854,-1.5384492498702416,0.6942734068031774,0.3677505283202146,-0.7011877275785814,1
0.6518866442160401,0.03387239004819665,-1.0114295606236978,-0.20376221990762605,-0.17546431975523002,0.18545075996834426,1.0090262421252758,1
0.752497394766869,0.658934069320712,-0.40961978653499354,1.1309248100549896,0.30153716695586963,0.32250825004310707,-0.7011877275785814,1
1.083921043640187,1.1054066973725083,0.3550858662544132,-1.0935535732160364,1.062933861832261,0.04839326989358239,-0.7011877275785814,1
-1.218289660140542,1.1054066973725083,-2.219573994320571,-1.0935535732160364,-2.4054838885433982,3.1155536060326883,2.719240211829133,1
1.0129016903101902,-0.2637760286530009,-0.7308866584169332,0.6860291334007843,0.2864898014444783,-0.4891914484579147,-0.7011877275785814,1
-1.0762509534805484,-3.9546164205478505,-0.06120360153626973,0.24113345674657913,-0.8616241870746667,-2.773926501451773,2.719240211829133,2
-1.425429440686366,-0.4498062903412494,0.8120993037202713,1.5758204867091947,-0.5471342478865923,0.08165965097968983,1.0090262421252758,1
-0.010960653530596698,1.1054066973725083,1.3324611384586247,-0.20376221990762605,0.8778512660421492,0.21206386483723152,-0.7011877275785814,1
0.6282135264393742,-1.1716037056916526,-0.5951400928330149,1.1309248100549896,0.08335036704069754,-1.121252689093955,-0.7011877275785814,1
-0.9578853645972205,0.07107844238584635,-0.3553211603014261,-0.20376221990762605,-0.9669557456544041,0.918641799106152,1.0090262421252758,1
-1.7864444867805163,-0.7474547090424469,1.3641353370948726,0.6860291334007843,-0.45534531826710534,-0.2656413675592727,1.0090262421252758,0
-0.7507455840513965,-1.0302207068085845,-0.5453663521189118,0.6860291334007843,-0.9353562780804837,-0.09398684115495749,-0.7011877275785814,1
1.498200604731835,1.1054066973725083,1.092642205927036,-1.5384492498702416,1.8694726532428265,-0.6648379405925611,-0.7011877275785814,1
-0.5613606418380716,0.16037296799620582,-0.48201795484641635,0.24113345674657913,-0.7487689457392331,0.8055361034133874,-0.7011877275785814,1
-1.378083205133035,-0.5018947636139581,1.350560680536481,-0.6486578965618313,-0.15289327148814352,-0.3135449563232664,1.0090262421252758,1
0.44474686367021615,0.42825654482728426,-0.7218368873780056,-0.20376221990762605,-0.14085537907903087,0.5074693288818655,-0.7011877275785814,2
-0.010960653530596698,-0.7102486567047973,0.3234116676181655,-1.5384492498702416,0.206738764234105,-0.8178632935886561,-0.7011877275785814,1
-0.8276832168255596,-0.7772195509125661,0.7759002195645599,-0.20376221990762605,-0.11527485770966565,-0.5929825574465691,-0.7011877275785814,1
0.663723203104373,0.026431179580667135,-0.22409948023697146,-0.20376221990762605,0.3572124193480165,-0.2922544724281581,-0.7011877275785814,1
-0.9105391290438895,-2.7937875876131795,-1.5001171967258038,1.1309248100549896,-1.6922387633034581,-1.0014937171839684,4.429454181532989,2
0.4565834225585491,0.1529317575286763,-0.43676909965177696,-1.5384492498702416,0.057769845671333406,0.08565161671002193,-0.7011877275785814,1
-0.2003455957439216,-0.2563348181854703,1.3641353370948726,-1.0935535732160364,0.7544628688487429,-0.8963719529518691,-0.7011877275785814,1
0.49209309922354716,-0.018216083224512077,0.7397011354088484,-1.0935535732160364,0.8673181101841765,-0.7832662572591036,-0.7011877275785814,1
0.6282135264393742,1.1054066973725083,1.3641353370948726,1.5758204867091947,1.3864522203271716,-0.23769760744694235,-0.7011877275785814,1
-0.6264617157239025,-0.03309850415957217,0.45915823320208377,1.1309248100549896,-0.1724548466529524,0.12290996352646336,-0.7011877275785814,2
-1.6148143828996908,-0.8218668137177464,-0.8213843688062121,1.1309248100549896,-1.7780087467183872,0.8374718292560499,1.0090262421252758,0
0.8235167480968651,1.1054066973725083,1.3641353370948726,-0.20376221990762605,1.5354211388899432,-0.3694324765479271,-0.7011877275785814,1
-1.4964487940163629,0.5770807541778831,0.993094724498829,-1.0935535732160364,-0.4809258396364705,0.9412629382447062,1.0090262421252758,1
-0.5613606418380716,-0.37539418566595,-1.2602982641942149,-0.20376221990762605,-1.2663983193310884,0.7842456195182782,1.0090262421252758,1
-2.3250079161996586,-1.699929648886279,0.8528232733954471,1.5758204867091947,-1.2062088572855238,-0.4532637568849182,1.0090262421252758,2
0.3737275103402192,-0.5242183950165488,-0.8440087964035319,-0.20376221990762605,-0.2762816686815499,-0.22439105501250012,-0.7011877275785814,2
1.320652221406843,-0.33074692286076973,1.3641353370948726,0.24113345674657913,1.9146147497769994,-1.9888399078196364,-0.7011877275785814,1
-1.1886982629197098,0.18269659939879543,0.8075744182008076,-1.0935535732160364,-0.36957533485217575,0.4901708107170883,1.0090262421252758,1
0.11924149424106424,0.13060812612608672,-0.3326967327041064,0.24113345674657913,-0.13032222322105594,0.23202369348889484,-0.7011877275785814,1
0.1547511709060623,1.1054066973725083,0.7578006774867038,-1.5384492498702416,0.6220460523485004,0.43827525622276153,-0.7011877275785814,1
1.001065131421857,0.23478507267150522,-0.9616558199095945,1.5758204867091947,0.12397825392145305,0.10028882438791008,1.0090262421252758,1
0.5039296581118802,0.9417000670868494,-0.2648234499121472,-0.6486578965618313,0.2082435007852449,0.6578333713910696,-0.7011877275785814,1
0.13699633257356328,-0.11495181930240213,-0.8666332240008516,-1.0935535732160364,-0.47189742032963655,0.3145243185824419,-0.7011877275785814,1
-0.24177355185308658,0.2422262831390358,0.03834387989193715,-0.20376221990762605,-0.15891221769270092,0.3571052863726604,-0.7011877275785814,1
0.8412715864293651,1.1054066973725083,-0.36889581685981776,0.6860291334007843,0.3963355696776342,0.6378735427394052,-0.7011877275785814,1
-0.8987025701555564,-0.8739552869904551,-0.2602985643926835,-0.6486578965618313,-0.8586147139723885,-0.022131458008965058,1.0090262421252758,1
-0.27136494907391856,-3.121200848184497,-0.3010225340678586,-1.5384492498702416,-0.4071937486306536,-2.430617448643144,1.0090262421252758,2
-0.7803369812722285,1.1054066973725083,0.6989771657336726,-0.20376221990762605,-0.13032222322105702,1.1036028779449105,-0.7011877275785814,1
0.44474686367021615,1.1054066973725083,0.6401536539806415,1.1309248100549896,0.7649960247067168,0.3118630080955529,-0.7011877275785814,1
1.16085867641435,-0.3977178170685396,1.3641353370948726,1.1309248100549896,1.792731089134732,-1.9409363190556428,-0.7011877275785814,1
1.2733059858535118,-1.4022812301850813,-1.9842799473084458,-1.0935535732160364,-0.34850902313622806,-0.9456061969593087,1.0090262421252758,1
-0.7033993484980655,-0.665601393899617,-0.03405428841948633,1.5758204867091947,-0.559172140295705,-0.1006401173721786,-0.7011877275785814,1
1.16085867641435,1.1054066973725083,0.4727328897604755,0.6860291334007843,1.19986488798592,-0.07269635725984823,-0.7011877275785814,1
-2.555820814522148,-1.149280074289063,0.9659454113820456,-1.5384492498702416,-1.3070262062118443,0.12823258450023997,1.0090262421252758,2
0.14291461201772931,-0.7176898671723267,-0.06572848705573342,-0.6486578965618313,0.06529352842702855,-0.6994349769221134,-0.7011877275785814,1
0.995146851977691,-0.9409261811982249,0.08811762060604028,-0.20376221990762605,0.817661803996586,-1.5643608851609068,-0.7011877275785814,1
-0.27136494907391856,-1.2832218627046017,-0.8440087964035319,-0.20376221990762605,-0.7683305209040415,-0.46790096456280494,-0.7011877275785814,1
0.2080156859035602,0.658934069320712,0.011194566775153106,1.5758204867091947,0.1661108773533495,0.44226722195309365,-0.7011877275785814,1
1.498200604731835,-0.762337129977506,-0.9526060488706668,-1.0935535732160364,0.5091908110130667,-1.1318979310415092,1.0090262421252758,1
1.006983410866024,0.6440516483856519,-1.2693480352331428,-0.6486578965618313,-0.07615170738004791,0.6431961637131823,1.0090262421252758,1
0.1547511709060623,0.6440516483856519,-1.6222891057513302,0.24113345674657913,-0.9609367994498483,1.4256214468584303,1.0090262421252758,1
-0.774418701828062,-0.4870123426788991,1.1831399163163148,0.24113345674657913,0.19620560837613224,-0.6089504203679023,-0.7011877275785814,2
0.0008759053577362676,0.6217280169830622,-1.1879000958827917,1.1309248100549896,-0.7893968326199886,1.2539669204541155,1.0090262421252758,1
0.1547511709060623,-0.19680513444523104,0.17861533099531915,1.1309248100549896,0.23683349525688666,-0.38540033946925834,-0.7011877275785814,1
-0.5080961268405745,-0.6209541310944378,-0.9933300185458422,1.1309248100549896,-1.0482115194159174,0.37174249405054666,1.0090262421252758,2
-0.74482730460723,-0.17448150304264143,1.1695652597579231,-0.6486578965618313,0.20974823733638265,-0.34148871643559675,-0.7011877275785814,1
-0.756663863495563,-0.3009820809906506,-2.0657278866587965,-0.6486578965618313,-1.9510534500993857,1.4562265174576488,1.0090262421252758,2
1.279224265297678,1.1054066973725083,1.3279362529391612,-0.20376221990762605,1.8589394973848536,-0.6555233538884518,-0.7011877275785814,1
0.32046299534272127,1.1054066973725083,0.536081287032971,1.5758204867091947,0.6009797406325527,0.45690442963098177,-0.7011877275785814,1
-0.1470810807464237,-0.6507189729645569,-1.3779452877002774,-1.5384492498702416,-1.0286499442511083,0.3278308710168851,1.0090262421252758,1
-0.6619713923889006,1.1054066973725083,0.1469411323590714,1.5758204867091947,-0.4071937486306536,1.3484434427386607,-0.7011877275785814,1
1.498200604731835,0.3017559668792751,0.16051578891746376,1.1309248100549896,1.2495211941735116,-0.8351618117534313,-0.7011877275785814,1
-0.667889671833067,1.1054066973725083,0.6718278526168893,1.1309248100549896,-0.06260907841979642,1.0437233919899165,-0.7011877275785814,1
1.498200604731835,-2.5110215898470423,-1.0340539882210176,-0.20376221990762605,0.4550202951720587,-2.6475142533245646,1.0090262421252758,1
0.36189095145188627,1.1054066973725083,1.3641353370948726,1.1309248100549896,1.1833127859233898,-0.05805914958196104,-0.7011877275785814,1
-0.6501348335005676,1.1054066973725083,0.21481441515103059,0.6860291334007843,-0.35302323278964554,1.3005398539746662,-0.7011877275785814,2
-0.8513563346022255,1.1054066973725083,1.3641353370948726,-0.6486578965618313,0.25789980697283543,0.7602938251362809,-0.7011877275785814,1
0.4565834225585491,0.1380493365936162,-0.6765880321833662,1.5758204867091947,-0.10173222874941311,0.2133945200806746,-0.7011877275785814,1
-0.40748537628974557,-1.9231659629121771,-1.2602982641942149,0.24113345674657913,-1.1490288683422372,-0.7034269426524465,1.0090262421252758,2
0.6341318058835411,0.658934069320712,1.3641353370948726,-0.6486578965618313,1.390966429980589,-0.6408861462105647,-0.7011877275785814,1
-0.11157140408142564,0.6514928588531824,-0.24219902231482748,0.24113345674657913,-0.24618693765876826,0.8002134824396103,-0.7011877275785814,1
0.07189525868773322,1.1054066973725083,-0.7308866584169332,0.24113345674657913,-0.4312695334488789,1.3697339266337691,-0.7011877275785814,1
-0.963803644041387,-0.7102486567047973,0.5406061725524346,1.1309248100549896,-0.37559428105673315,-0.3028997143757122,1.0090262421252758,2
0.6400500853277071,0.09340207378843701,-0.6403889480276544,-1.5384492498702416,0.06228405532474985,0.028433441241918118,-0.7011877275785814,2
-0.8395197757138925,-0.3977178170685396,-0.2738732209510752,0.24113345674657913,-0.82250103674505,0.37174249405054666,-0.7011877275785814,2
-1.022986438483051,-0.8516316555878655,-0.929981621273347,-1.5384492498702416,-1.3988151358313308,0.47553360303920206,2.719240211829133,2
-0.6619713923889006,-0.3977178170685396,-0.613239634910871,0.24113345674657913,-0.912785229813396,0.45158180865720376,-0.7011877275785814,1
1.261469426965179,1.1054066973725083,-0.599664978352479,1.5758204867091947,0.5633613268540748,0.49017081071708923,-0.7011877275785814,1
1.332488780295176,0.8896115938141397,-1.1698005538049359,-1.0935535732160364,0.23833823180802655,0.5846473330016335,1.0090262421252758,1
-0.3778939790689136,0.10828449472349604,1.3641353370948726,-1.0935535732160364,0.6190365792462217,-0.4506024463980292,-0.7011877275785814,1
0.6755597619927052,0.16037296799620582,0.1062171626838963,-0.6486578965618313,0.5859323751211614,-0.3747550975217042,-0.7011877275785814,1
-0.8276832168255596,-0.4646887112763084,0.12884159028121603,1.5758204867091947,-0.5456295113354525,0.06702244330180264,-0.7011877275785814,2
0.1014866559085652,0.9863473298920297,0.9704702969015093,-0.20376221990762605,0.7228634012748224,0.24266893543644902,-0.7011877275785814,1
1.427181251401838,1.1054066973725083,0.8075744182008076,1.5758204867091947,1.6257053319582904,-0.44927179115458515,-0.7011877275785814,1
0.32046299534272127,1.1054066973725083,1.1197915190438192,1.1309248100549896,0.9892017708264441,0.11359537682235324,-0.7011877275785814,1
-0.7093176279422315,-0.7176898671723267,-0.3372216182235704,-0.20376221990762605,-0.7653210478017634,0.03508671745913923,-0.7011877275785814,1
-1.2301262190288749,0.29431475641174454,-1.2014747524411837,0.6860291334007843,-1.7373808598376317,1.7995355702662776,2.719240211829133,2
-1.2597176162497068,0.5101098599701132,0.703502051253137,-0.20376221990762605,-0.4929637320455832,0.8920286942372666,1.0090262421252758,1
1.0484113669751889,0.13060812612608672,-1.5136918532841956,-1.0935535732160364,-0.20706378732915157,0.2998871109045547,1.0090262421252758,2
0.10740493535273127,0.9714649089569696,-0.758035971533717,-0.6486578965618313,-0.42224111414204496,1.2419910232631173,-0.7011877275785814,1
-0.2891197874064176,1.060759434567329,1.3641353370948726,-1.5384492498702416,0.6867497240474822,0.34113742345132825,-0.7011877275785814,1
-0.6087068773914026,0.16037296799620582,0.5858550277470741,1.1309248100549896,-0.07464697082891016,0.20940255435034252,-0.7011877275785814,1
-1.2360444984730414,-0.42004144847112923,0.49083243183833153,-0.20376221990762605,-0.6163521292389906,0.16948289704701303,1.0090262421252758,2
-1.7331799717830187,-1.342751546444842,-0.8078097122478204,-1.0935535732160364,-1.8592645204798997,0.44359787719653815,1.0090262421252758,0
1.498200604731835,0.6961401216583617,1.020244037615613,0.6860291334007843,1.8213210836063758,-0.9881871647495263,-0.7011877275785814,1
-0.14116280130225764,1.1054066973725083,0.9252214417068698,1.5758204867091947,0.5076860744619279,0.5394050547245279,-0.7011877275785814,1
-0.13524452185809074,-1.2683394417695426,-2.1200265128923643,-0.20376221990762605,-1.5131751137179026,0.20407993337656402,1.0090262421252758,2
0.6992328797693711,1.1054066973725083,0.3596107517738769,0.6860291334007843,0.7725197074624118,0.3052097318783318,-0.7011877275785814,1
-0.5317692446172396,1.1054066973725083,-0.11097734225037285,1.1309248100549896,-0.47942110308533065,1.4123148944239865,-0.7011877275785814,1
-0.27136494907391856,-1.3799575987824917,-0.762560857053181,0.24113345674657913,-0.7141600050630335,-0.6022971441506797,-0.7011877275785814,1
1.0129016903101902,0.41337412389222417,0.6265789974222499,1.1309248100549896,1.189331732127947,-0.6821364587573373,-0.7011877275785814,1
-0.6264617157239025,-1.3873988092500213,0.1333664758006797,-1.0935535732160364,-0.3891369100169846,-0.8963719529518691,-0.7011877275785814,2
0.9418823369801931,-0.6730426043671476,-0.6177645204303347,0.24113345674657913,0.30755611316042597,-0.8737508138133168,-0.7011877275785814,1
1.350243618627675,-1.3948400197175508,-0.05215383049734172,0.6860291334007843,0.9952207170310015,-2.1272280531378445,-0.7011877275785814,1
0.7761705125435341,-1.4394872825227312,0.5722803711886824,1.1309248100549896,0.972649668763915,-2.1471878817895096,-0.7011877275785814,1
-1.602977824011358,0.5324334913727028,-1.8168591830882797,0.6860291334007843,-2.4310644099127634,2.6258724764451866,2.719240211829133,2
-0.7803369812722285,-1.0302207068085845,0.3234116676181655,-0.6486578965618313,-0.38010849071014957,-0.5849986259859039,-0.7011877275785814,2
-0.14116280130225764,-0.8293080241852758,0.02476922333354545,-0.20376221990762605,-0.09119907289144033,-0.660845974862228,-0.7011877275785814,1
1.427181251401838,0.8449643310089604,-1.3824701732197415,1.5758204867091947,0.16912035045562712,0.6059378168967428,1.0090262421252758,1
-0.14116280130225764,0.9119352252167303,-1.0974023854935129,1.5758204867091947,-0.8375484022564409,1.556025660715972,1.0090262421252758,1
0.49209309922354716,-0.553983236886668,-0.7308866584169332,-1.0935535732160364,-0.11076064805624815,-0.3973762366602575,-0.7011877275785814,1
0.3145447158985552,0.5547571227752924,1.3641353370948726,-1.5384492498702416,1.1471991086960518,-0.5184658638136891,-0.7011877275785814,1
0.4033189075610512,0.8151994891388402,-1.4096194863365248,-1.0935535732160364,-0.6298947581992432,1.2859026462967789,1.0090262421252758,1
-0.7507455840513965,-0.7251310776398563,-0.5408414665994479,-1.0935535732160364,-0.932346804978205,0.17613617326423509,-0.7011877275785814,2
0.4033189075610512,-0.17448150304264143,-0.2783981064705389,0.6860291334007843,0.12247351737031423,-0.26431071231582776,-0.7011877275785814,1
0.25536192145689124,-0.5167771845490182,1.3053118253418414,1.5758204867091947,1.062933861832261,-1.4020209454607018,-0.7011877275785814,1
0.36780923089605316,0.24966749360656532,-1.5272665098425875,0.6860291334007843,-0.7352263167789805,0.8733995208290464,1.0090262421252758,1
0.16658772979439526,0.13060812612608672,-0.4774930693269527,-1.0935535732160364,-0.1905116852666214,0.2852499032266675,-0.7011877275785814,1
0.13699633257356328,-1.7743417535615784,-0.5634658941967675,0.6860291334007843,-0.2702627224769947,-1.347464080479486,-0.7011877275785814,1
-0.1766724779672557,1.1054066973725083,0.17409044547585548,-1.5384492498702416,-0.018971718436762222,1.005134389930032,-0.7011877275785814,1
1.498200604731835,0.86728796241155,0.49988220287725954,1.5758204867091947,1.4752316768443798,-0.5291111057612442,-0.7011877275785814,1
0.24352536256855828,-2.4589331165743324,1.1378910611216753,1.5758204867091947,0.9425549377411322,-3.032073618679967,-0.7011877275785814,2
-2.194805768427998,-0.8441904451203359,-0.3915202444571375,-0.20376221990762605,-1.934501348036855,0.9559001459225924,1.0090262421252758,0
-0.24769183129725264,0.7928758577362507,0.8166241892397356,0.24113345674657913,0.35420294624573884,0.39569428843254306,-0.7011877275785814,1
0.9537188958685261,1.1054066973725083,-1.020479331662626,1.1309248100549896,0.048741426364497305,0.9452549039750392,1.0090262421252758,1
-0.18850903685558865,1.0830830659699187,1.0066693810572207,-0.6486578965618313,0.525742913075597,0.5034773631515324,-0.7011877275785814,1
1.439017810290171,-1.789224174496638,-0.454868641729633,-0.20376221990762605,0.7950907557294984,-2.3028745452724912,-0.7011877275785814,1
0.09556837646439831,-1.6552823860810992,-2.2286237653594987,-1.5384492498702416,-1.4093482916893045,-0.23370564171660882,1.0090262421252758,2
-0.7980918196047275,1.1054066973725083,1.3641353370948726,0.24113345674657913,0.2985276938535909,0.7243661335632854,-0.7011877275785814,1
-1.1472703068105454,-0.7400134985749164,0.5768052567081461,0.24113345674657913,-0.4914589954944444,-0.22705236549938726,1.0090262421252758,1
0.1606694503502292,1.1054066973725083,0.5903799132665384,0.24113345674657913,0.5152097572176242,0.5327517785073058,-0.7011877275785814,1
-0.8276832168255596,-1.0078970754059948,-2.1064518563339725,0.6860291334007843,-2.0323092238608975,0.8960206599675992,1.0090262421252758,2
0.2612802009010573,1.1054066973725083,-1.708261930621145,0.24113345674657913,-0.9368610146316225,1.8168340884310539,1.0090262421252758,2
1.498200604731835,-1.7594593326265182,-1.5544158229593712,1.1309248100549896,0.10893088841006275,-1.6694826493930062,1.0090262421252758,1
-0.17075419852308962,1.1054066973725083,0.4636831187215475,-0.20376221990762605,0.17814876976246216,0.8308185530388288,-0.7011877275785814,1
-0.43115849406641066,-0.7921019718476262,-0.22409948023697146,-1.5384492498702416,-0.47791636653419184,-0.285601196210937,-0.7011877275785814,1
0.2198522447918932,0.13060812612608672,-0.20147505263965174,-1.5384492498702416,0.033694060853107013,0.08698227195346692,-0.7011877275785814,1
-0.7093176279422315,0.004107548178077528,-0.43224421413231323,1.5758204867091947,-0.8285199829496064,0.7363420307542845,-0.7011877275785814,1
-1.0762509534805484,0.86728796241155,0.27816281242352603,1.1309248100549896,-0.6359137044037996,1.3377982007911067,1.0090262421252758,1
0.7643339536552012,1.1054066973725083,1.1062168624854276,-0.6486578965618313,1.318739075525911,-0.1778181214919486,-0.7011877275785814,1
1.498200604731835,0.6514928588531824,-0.24672390783429116,-0.6486578965618313,0.9786686149684714,-0.282939885724048,-0.7011877275785814,1
-1.6562423390088554,-1.067426759146234,-0.46844329828802467,-0.6486578965618313,-1.574869312314607,0.4382752562227611,1.0090262421252758,1
-1.2715541751380395,-1.7743417535615784,-0.45939352724909666,-1.5384492498702416,-1.2754267386379228,-0.45858637785869577,1.0090262421252758,2
-0.18850903685558865,-1.1939273370942434,0.02476922333354545,-1.5384492498702416,-0.12731275011877832,-0.9549207836634188,-0.7011877275785814,1
-0.7033993484980655,-1.7296944907563987,-1.5860900215956188,-0.20376221990762605,-1.591421414377137,-0.13922911943206406,1.0090262421252758,1
1.498200604731835,1.1054066973725083,0.13789136132014404,-1.0935535732160364,1.2344738286621202,-0.10330142785906761,-0.7011877275785814,1
0.8057619097643661,1.0384358031647385,1.3324611384586247,1.1309248100549896,1.500812198213743,-0.3987068919037015,-0.7011877275785814,1
-1.8219541634455148,-1.7966653849641678,0.694452280214209,1.1309248100549896,-0.9278325953247875,-0.7859275677459926,1.0090262421252758,0
-0.034633771307262626,-0.10006939836734204,0.2826876979429897,1.1309248100549896,0.16159666769993092,-0.23237498647316432,-0.7011877275785814,1
-0.6442165540564015,-2.1091962246004257,-0.22862436575643577,1.1309248100549896,-0.6434373871594957,-1.3168590098802666,-0.7011877275785814,1
-0.41932193517807853,1.1054066973725083,1.2374385425498822,-0.6486578965618313,0.5031718648085105,0.5433970204548609,-0.7011877275785814,1
-0.2003455957439216,0.018989969113137616,-0.1381266553671569,-0.6486578965618313,-0.24468220110762945,0.23335434873233984,-0.7011877275785814,1
-0.9164574084880555,-0.6730426043671476,-0.6946875742612219,-0.20376221990762605,-1.1610667607513498,0.4249687037883174,1.0090262421252758,1
-0.36605742018058063,1.1054066973725083,-0.2783981064705389,0.24113345674657913,-0.4643737375739393,1.3990083419895434,-0.7011877275785814,1
0.9478006164243601,-0.472129921743839,0.4863075463188672,-0.20376221990762605,1.046381759769731,-1.347464080479486,-0.7011877275785814,1
-0.005042374086430636,0.3464032296844543,-0.31912207614571464,-0.20376221990762605,-0.2160922066359866,0.5008160526646434,-0.7011877275785814,1
1.498200604731835,0.8896115938141397,-0.2783981064705389,0.6860291334007843,0.9576023032525236,-0.051405873364740874,-0.7011877275785814,1
-1.395838043465534,1.1054066973725083,0.16956555995639114,1.1309248100549896,-0.9519083801430138,1.830140640865497,1.0090262421252758,2
0.32638127478688816,0.591963175112942,-1.015954446143162,-1.0935535732160364,-0.4267553237954625,0.9066659019151537,1.0090262421252758,1
1.107594161416853,0.7035813321258911,-0.32364696166517837,0.6860291334007843,0.6295697351041967,0.07234506427557877,-0.7011877275785814,1
-2.526229417301316,-1.3650751778474317,-0.8078097122478204,-1.0935535732160364,-2.464168614037824,0.9585614564094814,1.0090262421252758,2
-0.5376875240614065,-0.4274826589386587,0.6220541119027855,0.24113345674657913,0.003599329830323217,-0.3854003394692574,-0.7011877275785814,1
-0.7211541868305645,1.060759434567329,1.3641353370948726,1.1309248100549896,0.3572124193480165,0.6325509217656291,-0.7011877275785814,1
0.23168880368022532,0.10828449472349604,-1.5046420822452677,1.5758204867091947,-0.8240057732961888,0.8254959320650517,1.0090262421252758,1
0.7820887919877011,0.49522743903505306,1.3641353370948726,-1.5384492498702416,1.5038216713160226,-0.8870573662477599,-0.7011877275785814,1
-1.8515455606663467,-0.8144256032502157,1.020244037615613,0.6860291334007843,-0.7337215802278417,-0.07934963347707029,1.0090262421252758,2
0.012712464246069232,1.1054066973725083,-1.3055471193888541,0.6860291334007843,-0.8586147139723881,1.74764001577195,1.0090262421252758,1
-1.1531885862547115,-1.0897503905488237,1.0700177783297162,1.5758204867091947,-0.1679406369995349,-0.8258472250493212,1.0090262421252758,1
1.498200604731835,1.1054066973725083,1.3641353370948726,-1.0935535732160364,2.0500410393795208,-0.8245165698058772,-0.7011877275785814,1
-0.6915627896097325,-0.9483673916657545,-0.32364696166517837,-1.0935535732160364,-0.7427499995346768,-0.1911246739263908,-0.7011877275785814,2
-0.5376875240614065,-1.640399965146039,0.269113041384598,1.1309248100549896,-0.23113957214737796,-1.2623021448990503,-0.7011877275785814,1
-0.23585527240891968,0.6142868065155327,1.3641353370948726,-0.20376221990762605,0.7273776109282388,-0.09398684115495749,-0.7011877275785814,1
-0.875029452378891,-1.4841345453279102,-1.6041895636734746,-1.5384492498702416,-1.7343713867353534,0.20674124386345397,2.719240211829133,1
1.0484113669751889,1.1054066973725083,0.21481441515103059,-1.0935535732160364,0.9425549377411322,0.15484568936912582,-0.7011877275785814,1
0.6045404086627091,0.9937885403595592,-0.15170131192554862,-1.0935535732160364,0.3602218924502952,0.5700101253237463,-0.7011877275785814,1
0.5039296581118802,0.8003170682037812,-1.9209315500359507,-1.5384492498702416,-0.8932236546485878,1.5054607614650883,1.0090262421252758,1
-0.963803644041387,0.35384444015198485,-0.6268142914692627,-0.20376221990762605,-1.152038341444516,1.3351368903042184,1.0090262421252758,2
-0.7389090251630636,1.1054066973725083,-1.4910674256868761,1.1309248100549896,-1.5553077371497985,2.36373339348666,1.0090262421252758,2
-0.9105391290438895,0.5398747018402333,-0.3598460458208901,0.24113345674657913,-0.9338515415293438,1.3085237854353322,1.0090262421252758,1
-0.5495240829497386,-1.4171636511201415,-0.20147505263965174,-0.20376221990762605,-0.5531531940911476,-0.7779436362853275,-0.7011877275785814,1
-2.0113391056588394,-0.3456293437958298,1.3641353370948726,1.1309248100549896,-0.6268852850969645,0.24533024592333802,1.0090262421252758,2
1.498200604731835,-0.4944535531464286,0.5406061725524346,-1.0935535732160364,1.5023169347648828,-1.7706124478947725,-0.7011877275785814,1
1.0484113669751889,0.8449643310089604,0.5677554856692187,0.24113345674657913,1.1772938397188346,-0.285601196210937,-0.7011877275785814,1
-1.2419627779172073,-1.1716037056916526,-0.3372216182235704,-1.0935535732160364,-1.1715999166093243,-0.011486216061410905,1.0090262421252758,2
1.101675881972686,1.1054066973725083,-0.9028323081565633,0.24113345674657913,0.23984296835916535,0.776261688057613,1.0090262421252758,1
-0.17075419852308962,0.5175510704376427,0.7668504485256318,-1.0935535732160364,0.379783467615103,0.12690192925679547,-0.7011877275785814,1
0.7465791153227022,-0.29354087052312006,-1.1517010117270803,-1.0935535732160364,-0.19653063147117772,-0.0886642201811804,1.0090262421252758,1
0.9241274986476941,0.7779934368011906,1.3641353370948726,1.1309248100549896,1.6121627029980388,-0.7300400475213329,-0.7011877275785814,1
-0.5376875240614065,0.3687268610870439,1.2374385425498822,0.6860291334007843,0.41288767174016333,-0.0354380104434087,-0.7011877275785814,1
-1.218289660140542,1.1054066973725083,0.6130043408638581,-1.5384492498702416,-0.521553726517226,1.4495732412404272,1.0090262421252758,1
0.3855640692285522,0.3910504924896346,-0.43676909965177696,-1.5384492498702416,0.003599329830324286,0.3464600444251053,-0.7011877275785814,1
0.6696414825485392,0.10084328425596653,-1.088352614454585,1.1309248100549896,-0.2130827335337079,0.2785966270094455,1.0090262421252758,1
-0.5554423623939055,-0.33074692286076973,-1.070253072376729,0.24113345674657913,-1.1354862393819858,0.7083982706419542,1.0090262421252758,2
-0.2772832285180846,0.9863473298920297,1.3641353370948726,0.6860291334007843,0.6957781433543173,0.26662072981844726,-0.7011877275785814,1
0.7110694386577041,-0.29354087052312006,1.3641353370948726,-1.0935535732160364,1.4496511554750147,-1.5444010565092425,-0.7011877275785814,1
-0.5968703185030705,-0.06286334602969235,0.26006327034567,1.5758204867091947,-0.2823006148861073,0.19343469142901035,-0.7011877275785814,2
-1.4609391173513644,-0.10006939836734204,1.3641353370948726,-1.0935535732160364,-0.20706378732915157,0.09363554817068802,1.0090262421252758,2
-0.10565312463725873,-0.9483673916657545,-1.165275668285472,-0.6486578965618313,-0.8556052408701099,-0.09132553066806895,1.0090262421252758,1
-0.4962595679522415,-0.23401118678288074,-0.11550222776983719,1.5758204867091947,-0.4553453182671064,0.1934346914290113,-0.7011877275785814,1
0.7584156742110351,-1.134397653354003,-0.9616558199095945,-0.20376221990762605,-0.06110434186865761,-0.9602434046371949,1.0090262421252758,1
1.1490221175260171,0.4208153343597537,0.7442260209283121,0.6860291334007843,1.3714048548157791,-0.8364924669968753,-0.7011877275785814,1
0.3382178336752212,-1.4618109139253206,-1.4367687994533085,1.5758204867091947,-0.6976079030005027,-0.6901203902180033,1.0090262421252758,2
-1.4313477201305322,-0.7400134985749164,-1.649438418868114,-0.20376221990762605,-2.188801825179366,1.2739267491057806,2.719240211829133,2
1.498200604731835,0.8598467519440205,-0.05667871601680605,0.24113345674657913,1.1050664852641563,-0.208423192091167,-0.7011877275785814,1
0.8590264247618641,0.18269659939879543,0.5089319739161869,1.1309248100549896,0.9937159804798626,-0.7154028398434457,-0.7011877275785814,1
-0.14116280130225764,1.1054066973725083,1.0835924348881079,1.5758204867091947,0.6130176330416665,0.4462591876834267,-0.7011877275785814,1
-0.30095634629475054,1.1054066973725083,0.8166241892397356,0.24113345674657913,0.3135750593649823,0.7110595811288422,-0.7011877275785814,1
-3.118057361717956,0.7110225425934218,1.241963428069346,-0.20376221990762605,-1.5522982640475198,2.0084484434870324,1.0090262421252758,1
0.16658772979439526,0.41337412389222417,0.6311038829417135,-0.20376221990762605,0.5468092247915457,-0.11394666980662271,-0.7011877275785814,1
0.14883289146189624,0.9565824880219095,0.825673960278663,-0.20376221990762605,0.662673939229257,0.2692820403053353,-0.7011877275785814,1
0.5276027758885452,0.7482285949310714,0.7894748761229515,1.5758204867091947,0.9275075722297409,-0.15120501662306224,-0.7011877275785814,1
1.498200604731835,1.0682006450348587,1.0519182362518602,-0.6486578965618313,1.8423873953223235,-0.6741525272966721,-0.7011877275785814,1
-0.24177355185308658,0.2422262831390358,-0.3055474195873226,1.1309248100549896,-0.3876321734658458,0.5593648833761932,-0.7011877275785814,1
-0.8099283784930605,-0.7697783404450366,-0.3643709313403541,0.6860291334007843,-0.8601194505235275,0.07234506427557924,-0.7011877275785814,1
-0.6087068773914026,-0.6581601834320875,-0.6449138335471184,-0.20376221990762605,-0.8932236546485878,0.20141862288967596,-0.7011877275785814,1
0.722905997546037,1.1054066973725083,0.9704702969015093,0.6860291334007843,1.1968554148836423,-0.07003504677296017,-0.7011877275785814,1
0.6578049236602062,0.3315208087493942,1.2193390004720261,-1.5384492498702416,1.3127201293213535,-0.8644362271092056,-0.7011877275785814,1
1.291060824186011,0.3464032296844543,-1.1562258972465442,-0.6486578965618313,0.21576718354094004,0.11891799779612937,1.0090262421252758,1
-0.005042374086430636,-2.890523323691069,-0.8394839108840682,0.24113345674657913,-0.5621816133979826,-2.0873083958345156,1.0090262421252758,2
0.6104586881068752,0.07107844238584635,-1.0974023854935129,-1.5384492498702416,-0.2642437762724373,0.2972258004176648,1.0090262421252758,1
-2.3427627545321577,0.7184637530609512,0.4320089200853004,-0.20376221990762605,-1.4996324847576508,1.9685287861837029,1.0090262421252758,1
1.498200604731835,0.562198333242823,1.2283887715109543,-0.20376221990762605,1.9597568463111747,-1.2303664190563883,-0.7011877275785814,1
0.05414042035523335,0.3464032296844543,-0.8440087964035319,0.6860291334007843,-0.5200489899660872,0.769608411840391,-0.7011877275785814,1
-1.1650251451430444,-0.02565729369204265,-0.758035971533717,1.1309248100549896,-1.392796189626774,1.2087246421770095,1.0090262421252758,2
-1.1354337479222125,1.1054066973725083,0.8980721285900864,0.24113345674657913,-0.26875798592585476,1.226023160341785,1.0090262421252758,1
0.8235167480968651,1.1054066973725083,-0.5453663521189118,-1.0935535732160364,0.2654234897285306,0.7536405489190597,-0.7011877275785814,1
0.33229955423105423,0.6440516483856519,1.011194266576685,-0.6486578965618313,0.9260028356786021,-0.24302022842071944,-0.7011877275785814,1
1.3265705008510091,1.1054066973725083,1.350560680536481,-0.20376221990762605,1.910100540123582,-0.7007656321655565,-0.7011877275785814,1
1.498200604731835,0.026431179580667135,0.4817826607994035,-1.0935535732160364,1.463193784435266,-1.2702860763597168,-0.7011877275785814,1
0.42699202533771713,-0.04053971462710274,-1.9888048328279098,-0.20376221990762605,-0.9970504766771868,0.845455760716716,1.0090262421252758,1
-1.9580745906613417,-1.1790449161591832,0.6220541119027855,-0.20376221990762605,-1.0798109869898382,-0.09930946212873504,1.0090262421252758,2
0.9122909397593612,1.0682006450348587,-1.0385788737404817,-0.20376221990762605,0.0051040663814631015,0.9505775249488163,1.0090262421252758,1
0.870862983650197,1.1054066973725083,-0.4141446720544572,1.1309248100549896,0.388811886921938,0.6445268189566273,-0.7011877275785814,1
-1.1827799834755435,-1.246015810366952,0.36413563729334125,-0.20376221990762605,-0.6599894892220248,-0.5304417610046872,1.0090262421252758,1
-1.6148143828996908,-0.2860996600555905,-1.0521535302988734,0.24113345674657913,-1.9314918749345773,1.452234551727316,2.719240211829133,2
-1.0289047179272175,-0.17448150304264143,0.17861533099531915,-1.0935535732160364,-0.6660084354265823,0.4329526352489845,1.0090262421252758,1
1.498200604731835,-0.08518697743228196,-0.5951400928330149,-0.6486578965618313,0.7469391860930478,-0.7366933237385539,-0.7011877275785814,1
0.23168880368022532,-0.24145239725041026,0.28721258346245404,1.5758204867091947,0.3677455752059903,-0.5410870029522414,-0.7011877275785814,1
1.498200604731835,1.0905242764374483,-0.6177645204303347,0.6860291334007843,0.7318918205816564,0.32783087101688413,-0.7011877275785814,1
-0.08789828630475971,-0.39027660660100905,1.3641353370948726,0.24113345674657913,0.8402328522636725,-1.0919782737381805,-0.7011877275785814,2
0.8826995425385291,1.1054066973725083,0.06549319300872056,-0.6486578965618313,0.7168444550702651,0.3544439758857705,-0.7011877275785814,1
0.8235167480968651,0.6514928588531824,-0.34627138926249806,1.1309248100549896,0.397840306228772,0.23069303824545176,-0.7011877275785814,1
-1.5437950295696938,1.1054066973725083,1.3641353370948726,-1.0935535732160364,-0.2702627224769947,1.2273538155852302,1.0090262421252758,1
